"PassengerId","Survived","Age","Fare","Family_size","Pclass_2","Pclass_3","Embarked_Q","Embarked_S","Title_Master","Title_Military","Title_Miss","Title_Mr","Title_Mrs","Title_Nobility","Title_Rev","Sex_male"
1,"0",22,7.25,2,0,1,0,1,0,0,0,1,0,0,0,1
2,"1",38,71.2833,2,0,0,0,0,0,0,0,0,1,0,0,0
3,"1",26,7.925,1,0,1,0,1,0,0,1,0,0,0,0,0
4,"1",35,53.1,2,0,0,0,1,0,0,0,0,1,0,0,0
5,"0",35,8.05,1,0,1,0,1,0,0,0,1,0,0,0,1
6,"0",34.4230769230769,8.4583,1,0,1,1,0,0,0,0,1,0,0,0,1
7,"0",54,51.8625,1,0,0,0,1,0,0,0,1,0,0,0,1
8,"0",2,21.075,5,0,1,0,1,1,0,0,0,0,0,0,1
9,"1",27,11.1333,3,0,1,0,1,0,0,0,0,1,0,0,0
10,"1",14,30.0708,2,1,0,0,0,0,0,0,0,1,0,0,0
11,"1",4,16.7,3,0,1,0,1,0,0,1,0,0,0,0,0
12,"1",58,26.55,1,0,0,0,1,0,0,1,0,0,0,0,0
13,"0",20,8.05,1,0,1,0,1,0,0,0,1,0,0,0,1
14,"0",39,31.275,7,0,1,0,1,0,0,0,1,0,0,0,1
15,"0",14,7.8542,1,0,1,0,1,0,0,1,0,0,0,0,0
16,"1",55,16,1,1,0,0,1,0,0,0,0,1,0,0,0
17,"0",2,29.125,6,0,1,1,0,1,0,0,0,0,0,0,1
18,"1",32.0394736842105,13,1,1,0,0,1,0,0,0,1,0,0,0,1
19,"0",31,18,2,0,1,0,1,0,0,0,0,1,0,0,0
20,"1",33.5,7.225,1,0,1,0,0,0,0,0,0,1,0,0,0
21,"0",35,26,1,1,0,0,1,0,0,0,1,0,0,0,1
22,"1",34,13,1,1,0,0,1,0,0,0,1,0,0,0,1
23,"1",15,8.0292,1,0,1,1,0,0,0,1,0,0,0,0,0
24,"1",28,35.5,1,0,0,0,1,0,0,0,1,0,0,0,1
25,"0",8,21.075,5,0,1,0,1,0,0,1,0,0,0,0,0
26,"1",38,31.3875,7,0,1,0,1,0,0,0,0,1,0,0,0
27,"0",26.0555555555556,7.225,1,0,1,0,0,0,0,0,1,0,0,0,1
28,"0",19,263,6,0,0,0,1,0,0,0,1,0,0,0,1
29,"1",23.5769230769231,7.8792,1,0,1,1,0,0,0,1,0,0,0,0,0
30,"0",27.3461538461538,7.8958,1,0,1,0,1,0,0,0,1,0,0,0,1
31,"0",40,27.7208,1,0,0,0,0,0,0,0,0,0,1,0,1
32,"1",42.1538461538462,146.5208,2,0,0,0,0,0,0,0,0,1,0,0,0
33,"1",23.9,7.75,1,0,1,1,0,0,0,1,0,0,0,0,0
34,"0",66,10.5,1,1,0,0,1,0,0,0,1,0,0,0,1
35,"0",28,82.1708,2,0,0,0,0,0,0,0,1,0,0,0,1
36,"0",42,52,2,0,0,0,1,0,0,0,1,0,0,0,1
37,"1",26.0555555555556,7.2292,1,0,1,0,0,0,0,0,1,0,0,0,1
38,"0",21,8.05,1,0,1,0,1,0,0,0,1,0,0,0,1
39,"0",18,18,3,0,1,0,1,0,0,1,0,0,0,0,0
40,"1",14,11.2417,2,0,1,0,0,0,0,1,0,0,0,0,0
41,"0",40,9.475,2,0,1,0,1,0,0,0,0,1,0,0,0
42,"0",27,21,2,1,0,0,1,0,0,0,0,1,0,0,0
43,"0",26.952380952381,7.8958,1,0,1,0,0,0,0,0,1,0,0,0,1
44,"1",3,41.5792,4,1,0,0,0,0,0,1,0,0,0,0,0
45,"1",19,7.8792,1,0,1,1,0,0,0,1,0,0,0,0,0
46,"0",30.0142857142857,8.05,1,0,1,0,1,0,0,0,1,0,0,0,1
47,"0",34.8214285714286,15.5,2,0,1,1,0,0,0,0,1,0,0,0,1
48,"1",23.9,7.75,1,0,1,1,0,0,0,1,0,0,0,0,0
49,"0",26.2857142857143,21.6792,3,0,1,0,0,0,0,0,1,0,0,0,1
50,"0",18,17.8,2,0,1,0,1,0,0,0,0,1,0,0,0
51,"0",7,39.6875,6,0,1,0,1,1,0,0,0,0,0,0,1
52,"0",21,7.8,1,0,1,0,1,0,0,0,1,0,0,0,1
53,"1",49,76.7292,2,0,0,0,0,0,0,0,0,1,0,0,0
54,"1",29,26,2,1,0,0,1,0,0,0,0,1,0,0,0
55,"0",65,61.9792,2,0,0,0,0,0,0,0,1,0,0,0,1
56,"1",46.8214285714286,35.5,1,0,0,0,1,0,0,0,1,0,0,0,1
57,"1",21,10.5,1,1,0,0,1,0,0,1,0,0,0,0,0
58,"0",28.5,7.2292,1,0,1,0,0,0,0,0,1,0,0,0,1
59,"1",5,27.75,4,1,0,0,1,0,0,1,0,0,0,0,0
60,"0",11,46.9,8,0,1,0,1,1,0,0,0,0,0,0,1
61,"0",22,7.2292,1,0,1,0,0,0,0,0,1,0,0,0,1
62,"1",38,80,1,0,0,0,1,0,0,1,0,0,0,0,0
63,"0",45,83.475,2,0,0,0,1,0,0,0,1,0,0,0,1
64,"0",4,27.9,6,0,1,0,1,1,0,0,0,0,0,0,1
65,"0",40.0384615384615,27.7208,1,0,0,0,0,0,0,0,1,0,0,0,1
66,"1",6.30769230769231,15.2458,3,0,1,0,0,1,0,0,0,0,0,0,1
67,"1",29,10.5,1,1,0,0,1,0,0,0,0,1,0,0,0
68,"0",19,8.1583,1,0,1,0,1,0,0,0,1,0,0,0,1
69,"1",17,7.925,7,0,1,0,1,0,0,1,0,0,0,0,0
70,"0",26,8.6625,3,0,1,0,1,0,0,0,1,0,0,0,1
71,"0",32,10.5,1,1,0,0,1,0,0,0,1,0,0,0,1
72,"0",16,46.9,8,0,1,0,1,0,0,1,0,0,0,0,0
73,"0",21,73.5,1,1,0,0,1,0,0,0,1,0,0,0,1
74,"0",26,14.4542,2,0,1,0,0,0,0,0,1,0,0,0,1
75,"1",32,56.4958,1,0,1,0,1,0,0,0,1,0,0,0,1
76,"0",25,7.65,1,0,1,0,1,0,0,0,1,0,0,0,1
77,"0",27.3461538461538,7.8958,1,0,1,0,1,0,0,0,1,0,0,0,1
78,"0",30.0142857142857,8.05,1,0,1,0,1,0,0,0,1,0,0,0,1
79,"1",0.83,29,3,1,0,0,1,1,0,0,0,0,0,0,1
80,"1",30,12.475,1,0,1,0,1,0,0,1,0,0,0,0,0
81,"0",22,9,1,0,1,0,1,0,0,0,1,0,0,0,1
82,"1",29,9.5,1,0,1,0,1,0,0,0,1,0,0,0,1
83,"1",23.4642857142857,7.7875,1,0,1,1,0,0,0,1,0,0,0,0,0
84,"0",28,47.1,1,0,0,0,1,0,0,0,1,0,0,0,1
85,"1",17,10.5,1,1,0,0,1,0,0,1,0,0,0,0,0
86,"1",33,15.85,4,0,1,0,1,0,0,0,0,1,0,0,0
87,"0",16,34.375,5,0,1,0,1,0,0,0,1,0,0,0,1
88,"0",30.0142857142857,8.05,1,0,1,0,1,0,0,0,1,0,0,0,1
89,"1",23,263,6,0,0,0,1,0,0,1,0,0,0,0,0
90,"0",24,8.05,1,0,1,0,1,0,0,0,1,0,0,0,1
91,"0",29,8.05,1,0,1,0,1,0,0,0,1,0,0,0,1
92,"0",20,7.8542,1,0,1,0,1,0,0,0,1,0,0,0,1
93,"0",46,61.175,2,0,0,0,1,0,0,0,1,0,0,0,1
94,"0",26,20.575,4,0,1,0,1,0,0,0,1,0,0,0,1
95,"0",59,7.25,1,0,1,0,1,0,0,0,1,0,0,0,1
96,"0",30.0142857142857,8.05,1,0,1,0,1,0,0,0,1,0,0,0,1
97,"0",71,34.6542,1,0,0,0,0,0,0,0,1,0,0,0,1
98,"1",23,63.3583,2,0,0,0,0,0,0,0,1,0,0,0,1
99,"1",34,23,2,1,0,0,1,0,0,0,0,1,0,0,0
100,"0",34,26,2,1,0,0,1,0,0,0,1,0,0,0,1
101,"0",28,7.8958,1,0,1,0,1,0,0,1,0,0,0,0,0
102,"0",27.3461538461538,7.8958,1,0,1,0,1,0,0,0,1,0,0,0,1
103,"0",21,77.2875,2,0,0,0,1,0,0,0,1,0,0,0,1
104,"0",33,8.6542,1,0,1,0,1,0,0,0,1,0,0,0,1
105,"0",37,7.925,3,0,1,0,1,0,0,0,1,0,0,0,1
106,"0",28,7.8958,1,0,1,0,1,0,0,0,1,0,0,0,1
107,"1",21,7.65,1,0,1,0,1,0,0,1,0,0,0,0,0
108,"1",27.8666666666667,7.775,1,0,1,0,1,0,0,0,1,0,0,0,1
109,"0",38,7.8958,1,0,1,0,1,0,0,0,1,0,0,0,1
110,"1",22.9642857142857,24.15,2,0,1,1,0,0,0,1,0,0,0,0,0
111,"0",47,52,1,0,0,0,1,0,0,0,1,0,0,0,1
112,"0",14.5,14.4542,2,0,1,0,0,0,0,1,0,0,0,0,0
113,"0",22,8.05,1,0,1,0,1,0,0,0,1,0,0,0,1
114,"0",20,9.825,2,0,1,0,1,0,0,1,0,0,0,0,0
115,"0",17,14.4583,1,0,1,0,0,0,0,1,0,0,0,0,0
116,"0",21,7.925,1,0,1,0,1,0,0,0,1,0,0,0,1
117,"0",70.5,7.75,1,0,1,1,0,0,0,0,1,0,0,0,1
118,"0",29,21,2,1,0,0,1,0,0,0,1,0,0,0,1
119,"0",24,247.5208,2,0,0,0,0,0,0,0,1,0,0,0,1
120,"0",2,31.275,7,0,1,0,1,0,0,1,0,0,0,0,0
121,"0",21,73.5,3,1,0,0,1,0,0,0,1,0,0,0,1
122,"0",30.0142857142857,8.05,1,0,1,0,1,0,0,0,1,0,0,0,1
123,"0",32.5,30.0708,2,1,0,0,0,0,0,0,1,0,0,0,1
124,"1",32.5,13,1,1,0,0,1,0,0,1,0,0,0,0,0
125,"0",54,77.2875,2,0,0,0,1,0,0,0,1,0,0,0,1
126,"1",12,11.2417,2,0,1,0,0,1,0,0,0,0,0,0,1
127,"0",34.4230769230769,7.75,1,0,1,1,0,0,0,0,1,0,0,0,1
128,"1",24,7.1417,1,0,1,0,1,0,0,0,1,0,0,0,1
129,"1",9.30769230769231,22.3583,3,0,1,0,0,0,0,1,0,0,0,0,0
130,"0",45,6.975,1,0,1,0,1,0,0,0,1,0,0,0,1
131,"0",33,7.8958,1,0,1,0,0,0,0,0,1,0,0,0,1
132,"0",20,7.05,1,0,1,0,1,0,0,0,1,0,0,0,1
133,"0",47,14.5,2,0,1,0,1,0,0,0,0,1,0,0,0
134,"1",29,26,2,1,0,0,1,0,0,0,0,1,0,0,0
135,"0",25,13,1,1,0,0,1,0,0,0,1,0,0,0,1
136,"0",23,15.0458,1,1,0,0,0,0,0,0,1,0,0,0,1
137,"1",19,26.2833,3,0,0,0,1,0,0,1,0,0,0,0,0
138,"0",37,53.1,2,0,0,0,1,0,0,0,1,0,0,0,1
139,"0",16,9.2167,1,0,1,0,1,0,0,0,1,0,0,0,1
140,"0",24,79.2,1,0,0,0,0,0,0,0,1,0,0,0,1
141,"0",30.4615384615385,15.2458,3,0,1,0,0,0,0,0,0,1,0,0,0
142,"1",22,7.75,1,0,1,0,1,0,0,1,0,0,0,0,0
143,"1",24,15.85,2,0,1,0,1,0,0,0,0,1,0,0,0
144,"0",19,6.75,1,0,1,1,0,0,0,0,1,0,0,0,1
145,"0",18,11.5,1,1,0,0,1,0,0,0,1,0,0,0,1
146,"0",19,36.75,3,1,0,0,1,0,0,0,1,0,0,0,1
147,"1",27,7.7958,1,0,1,0,1,0,0,0,1,0,0,0,1
148,"0",9,34.375,5,0,1,0,1,0,0,1,0,0,0,0,0
149,"0",36.5,26,3,1,0,0,1,0,0,0,1,0,0,0,1
150,"0",42,13,1,1,0,0,1,0,0,0,0,0,0,1,1
151,"0",51,12.525,1,1,0,0,1,0,0,0,0,0,0,1,1
152,"1",22,66.6,2,0,0,0,1,0,0,0,0,1,0,0,0
153,"0",55.5,8.05,1,0,1,0,1,0,0,0,1,0,0,0,1
154,"0",40.5,14.5,3,0,1,0,1,0,0,0,1,0,0,0,1
155,"0",30.9285714285714,7.3125,1,0,1,0,1,0,0,0,1,0,0,0,1
156,"0",51,61.3792,2,0,0,0,0,0,0,0,1,0,0,0,1
157,"1",16,7.7333,1,0,1,1,0,0,0,1,0,0,0,0,0
158,"0",30,8.05,1,0,1,0,1,0,0,0,1,0,0,0,1
159,"0",24,8.6625,1,0,1,0,1,0,0,0,1,0,0,0,1
160,"0",6.67857142857143,69.55,11,0,1,0,1,1,0,0,0,0,0,0,1
161,"0",44,16.1,2,0,1,0,1,0,0,0,1,0,0,0,1
162,"1",40,15.75,1,1,0,0,1,0,0,0,0,1,0,0,0
163,"0",26,7.775,1,0,1,0,1,0,0,0,1,0,0,0,1
164,"0",17,8.6625,1,0,1,0,1,0,0,0,1,0,0,0,1
165,"0",1,39.6875,6,0,1,0,1,1,0,0,0,0,0,0,1
166,"1",9,20.525,3,0,1,0,1,1,0,0,0,0,0,0,1
167,"1",37.4615384615385,55,2,0,0,0,1,0,0,0,0,1,0,0,0
168,"0",45,27.9,6,0,1,0,1,0,0,0,0,1,0,0,0
169,"0",45.5909090909091,25.925,1,0,0,0,1,0,0,0,1,0,0,0,1
170,"0",28,56.4958,1,0,1,0,1,0,0,0,1,0,0,0,1
171,"0",61,33.5,1,0,0,0,1,0,0,0,1,0,0,0,1
172,"0",4,29.125,6,0,1,1,0,1,0,0,0,0,0,0,1
173,"1",1,11.1333,3,0,1,0,1,0,0,1,0,0,0,0,0
174,"0",21,7.925,1,0,1,0,1,0,0,0,1,0,0,0,1
175,"0",56,30.6958,1,0,0,0,0,0,0,0,1,0,0,0,1
176,"0",18,7.8542,3,0,1,0,1,0,0,0,1,0,0,0,1
177,"0",5.93333333333333,25.4667,5,0,1,0,1,1,0,0,0,0,0,0,1
178,"0",50,28.7125,1,0,0,0,0,0,0,1,0,0,0,0,0
179,"0",30,13,1,1,0,0,1,0,0,0,1,0,0,0,1
180,"0",36,0,1,0,1,0,1,0,0,0,1,0,0,0,1
181,"0",11.9230769230769,69.55,11,0,1,0,1,0,0,1,0,0,0,0,0
182,"0",31.4642857142857,15.05,1,1,0,0,0,0,0,0,1,0,0,0,1
183,"0",9,31.3875,7,0,1,0,1,1,0,0,0,0,0,0,1
184,"1",1,39,4,1,0,0,1,1,0,0,0,0,0,0,1
185,"1",4,22.025,3,0,1,0,1,0,0,1,0,0,0,0,0
186,"0",39.8461538461538,50,1,0,0,0,1,0,0,0,1,0,0,0,1
187,"1",25.3421052631579,15.5,2,0,1,1,0,0,0,0,0,1,0,0,0
188,"1",45,26.55,1,0,0,0,1,0,0,0,1,0,0,0,1
189,"0",40,15.5,3,0,1,1,0,0,0,0,1,0,0,0,1
190,"0",36,7.8958,1,0,1,0,1,0,0,0,1,0,0,0,1
191,"1",32,13,1,1,0,0,1,0,0,0,0,1,0,0,0
192,"0",19,13,1,1,0,0,1,0,0,0,1,0,0,0,1
193,"1",19,7.8542,2,0,1,0,1,0,0,1,0,0,0,0,0
194,"1",3,26,3,1,0,0,1,1,0,0,0,0,0,0,1
195,"1",44,27.7208,1,0,0,0,0,0,0,0,0,1,0,0,0
196,"1",58,146.5208,1,0,0,0,0,0,0,1,0,0,0,0,0
197,"0",34.4230769230769,7.75,1,0,1,1,0,0,0,0,1,0,0,0,1
198,"0",42,8.4042,2,0,1,0,1,0,0,0,1,0,0,0,1
199,"1",23.9,7.75,1,0,1,1,0,0,0,1,0,0,0,0,0
200,"0",24,13,1,1,0,0,1,0,0,1,0,0,0,0,0
201,"0",28,9.5,1,0,1,0,1,0,0,0,1,0,0,0,1
202,"0",25.7692307692308,69.55,11,0,1,0,1,0,0,0,1,0,0,0,1
203,"0",34,6.4958,1,0,1,0,1,0,0,0,1,0,0,0,1
204,"0",45.5,7.225,1,0,1,0,0,0,0,0,1,0,0,0,1
205,"1",18,8.05,1,0,1,0,1,0,0,0,1,0,0,0,1
206,"0",2,10.4625,2,0,1,0,1,0,0,1,0,0,0,0,0
207,"0",32,15.85,2,0,1,0,1,0,0,0,1,0,0,0,1
208,"1",26,18.7875,1,0,1,0,0,0,0,0,1,0,0,0,1
209,"1",16,7.75,1,0,1,1,0,0,0,1,0,0,0,0,0
210,"1",40,31,1,0,0,0,0,0,0,0,1,0,0,0,1
211,"0",24,7.05,1,0,1,0,1,0,0,0,1,0,0,0,1
212,"1",35,21,1,1,0,0,1,0,0,1,0,0,0,0,0
213,"0",22,7.25,1,0,1,0,1,0,0,0,1,0,0,0,1
214,"0",30,13,1,1,0,0,1,0,0,0,1,0,0,0,1
215,"0",34.4230769230769,7.75,2,0,1,1,0,0,0,0,1,0,0,0,1
216,"1",31,113.275,2,0,0,0,0,0,0,1,0,0,0,0,0
217,"1",27,7.925,1,0,1,0,1,0,0,1,0,0,0,0,0
218,"0",42,27,2,1,0,0,1,0,0,0,1,0,0,0,1
219,"1",32,76.2917,1,0,0,0,0,0,0,1,0,0,0,0,0
220,"0",30,10.5,1,1,0,0,1,0,0,0,1,0,0,0,1
221,"1",16,8.05,1,0,1,0,1,0,0,0,1,0,0,0,1
222,"0",27,13,1,1,0,0,1,0,0,0,1,0,0,0,1
223,"0",51,8.05,1,0,1,0,1,0,0,0,1,0,0,0,1
224,"0",27.3461538461538,7.8958,1,0,1,0,1,0,0,0,1,0,0,0,1
225,"1",38,90,2,0,0,0,1,0,0,0,1,0,0,0,1
226,"0",22,9.35,1,0,1,0,1,0,0,0,1,0,0,0,1
227,"1",19,10.5,1,1,0,0,1,0,0,0,1,0,0,0,1
228,"0",20.5,7.25,1,0,1,0,1,0,0,0,1,0,0,0,1
229,"0",18,13,1,1,0,0,1,0,0,0,1,0,0,0,1
230,"0",6.86928571428571,25.4667,5,0,1,0,1,0,0,1,0,0,0,0,0
231,"1",35,83.475,2,0,0,0,1,0,0,0,0,1,0,0,0
232,"0",29,7.775,1,0,1,0,1,0,0,0,1,0,0,0,1
233,"0",59,13.5,1,1,0,0,1,0,0,0,1,0,0,0,1
234,"1",5,31.3875,7,0,1,0,1,0,0,1,0,0,0,0,0
235,"0",24,10.5,1,1,0,0,1,0,0,0,1,0,0,0,1
236,"0",23.0588235294118,7.55,1,0,1,0,1,0,0,1,0,0,0,0,0
237,"0",44,26,2,1,0,0,1,0,0,0,1,0,0,0,1
238,"1",8,26.25,3,1,0,0,1,0,0,1,0,0,0,0,0
239,"0",19,10.5,1,1,0,0,1,0,0,0,1,0,0,0,1
240,"0",33,12.275,1,1,0,0,1,0,0,0,1,0,0,0,1
241,"0",9.30769230769231,14.4542,2,0,1,0,0,0,0,1,0,0,0,0,0
242,"1",22.9,15.5,2,0,1,1,0,0,0,1,0,0,0,0,0
243,"0",29,10.5,1,1,0,0,1,0,0,0,1,0,0,0,1
244,"0",22,7.125,1,0,1,0,1,0,0,0,1,0,0,0,1
245,"0",30,7.225,1,0,1,0,0,0,0,0,1,0,0,0,1
246,"0",44,90,3,0,0,1,0,0,0,0,0,0,0,0,1
247,"0",25,7.775,1,0,1,0,1,0,0,1,0,0,0,0,0
248,"1",24,14.5,3,1,0,0,1,0,0,0,0,1,0,0,0
249,"1",37,52.5542,3,0,0,0,1,0,0,0,1,0,0,0,1
250,"0",54,26,2,1,0,0,1,0,0,0,0,0,0,1,1
251,"0",30.5,7.25,1,0,1,0,1,0,0,0,1,0,0,0,1
252,"0",29,10.4625,3,0,1,0,1,0,0,0,0,1,0,0,0
253,"0",62,26.55,1,0,0,0,1,0,0,0,1,0,0,0,1
254,"0",30,16.1,2,0,1,0,1,0,0,0,1,0,0,0,1
255,"0",41,20.2125,3,0,1,0,1,0,0,0,0,1,0,0,0
256,"1",29,15.2458,3,0,1,0,0,0,0,0,0,1,0,0,0
257,"1",43.7692307692308,79.2,1,0,0,0,0,0,0,0,0,1,0,0,0
258,"1",30,86.5,1,0,0,0,1,0,0,1,0,0,0,0,0
259,"1",35,512.3292,1,0,0,0,0,0,0,1,0,0,0,0,0
260,"1",50,26,2,1,0,0,1,0,0,0,0,1,0,0,0
261,"0",34.4230769230769,7.75,1,0,1,1,0,0,0,0,1,0,0,0,1
262,"1",3,31.3875,7,0,1,0,1,1,0,0,0,0,0,0,1
263,"0",52,79.65,3,0,0,0,1,0,0,0,1,0,0,0,1
264,"0",40,0,1,0,0,0,1,0,0,0,1,0,0,0,1
265,"0",23.9,7.75,1,0,1,1,0,0,0,1,0,0,0,0,0
266,"0",36,10.5,1,1,0,0,1,0,0,0,1,0,0,0,1
267,"0",16,39.6875,6,0,1,0,1,0,0,0,1,0,0,0,1
268,"1",25,7.775,2,0,1,0,1,0,0,0,1,0,0,0,1
269,"1",58,153.4625,2,0,0,0,1,0,0,0,0,1,0,0,0
270,"1",35,135.6333,1,0,0,0,1,0,0,1,0,0,0,0,0
271,"0",48.3095238095238,31,1,0,0,0,1,0,0,0,1,0,0,0,1
272,"1",25,0,1,0,1,0,1,0,0,0,1,0,0,0,1
273,"1",41,19.5,2,1,0,0,1,0,0,0,0,1,0,0,0
274,"0",37,29.7,2,0,0,0,0,0,0,0,1,0,0,0,1
275,"1",23.9,7.75,1,0,1,1,0,0,0,1,0,0,0,0,0
276,"1",63,77.9583,2,0,0,0,1,0,0,1,0,0,0,0,0
277,"0",45,7.75,1,0,1,0,1,0,0,1,0,0,0,0,0
278,"0",31.4166666666667,0,1,1,0,0,1,0,0,0,1,0,0,0,1
279,"0",7,29.125,6,0,1,1,0,1,0,0,0,0,0,0,1
280,"1",35,20.25,3,0,1,0,1,0,0,0,0,1,0,0,0
281,"0",65,7.75,1,0,1,1,0,0,0,0,1,0,0,0,1
282,"0",28,7.8542,1,0,1,0,1,0,0,0,1,0,0,0,1
283,"0",16,9.5,1,0,1,0,1,0,0,0,1,0,0,0,1
284,"1",19,8.05,1,0,1,0,1,0,0,0,1,0,0,0,1
285,"0",45.5909090909091,26,1,0,0,0,1,0,0,0,1,0,0,0,1
286,"0",33,8.6625,1,0,1,0,0,0,0,0,1,0,0,0,1
287,"1",30,9.5,1,0,1,0,1,0,0,0,1,0,0,0,1
288,"0",22,7.8958,1,0,1,0,1,0,0,0,1,0,0,0,1
289,"1",42,13,1,1,0,0,1,0,0,0,1,0,0,0,1
290,"1",22,7.75,1,0,1,1,0,0,0,1,0,0,0,0,0
291,"1",26,78.85,1,0,0,0,1,0,0,1,0,0,0,0,0
292,"1",19,91.0792,2,0,0,0,0,0,0,0,0,1,0,0,0
293,"0",36,12.875,1,1,0,0,0,0,0,0,1,0,0,0,1
294,"0",24,8.85,1,0,1,0,1,0,0,1,0,0,0,0,0
295,"0",24,7.8958,1,0,1,0,1,0,0,0,1,0,0,0,1
296,"0",40.0384615384615,27.7208,1,0,0,0,0,0,0,0,1,0,0,0,1
297,"0",23.5,7.2292,1,0,1,0,0,0,0,0,1,0,0,0,1
298,"0",2,151.55,4,0,0,0,1,0,0,1,0,0,0,0,0
299,"1",48.3095238095238,30.5,1,0,0,0,1,0,0,0,1,0,0,0,1
300,"1",50,247.5208,2,0,0,0,0,0,0,0,0,1,0,0,0
301,"1",23.9,7.75,1,0,1,1,0,0,0,1,0,0,0,0,0
302,"1",34.8214285714286,23.25,3,0,1,1,0,0,0,0,1,0,0,0,1
303,"0",19,0,1,0,1,0,1,0,0,0,1,0,0,0,1
304,"1",24.25,12.35,1,1,0,1,0,0,0,1,0,0,0,0,0
305,"0",30.0142857142857,8.05,1,0,1,0,1,0,0,0,1,0,0,0,1
306,"1",0.92,151.55,4,0,0,0,1,1,0,0,0,0,0,0,1
307,"1",33.6923076923077,110.8833,1,0,0,0,0,0,0,1,0,0,0,0,0
308,"1",17,108.9,2,0,0,0,0,0,0,0,0,1,0,0,0
309,"0",30,24,2,1,0,0,0,0,0,0,1,0,0,0,1
310,"1",30,56.9292,1,0,0,0,0,0,0,1,0,0,0,0,0
311,"1",24,83.1583,1,0,0,0,0,0,0,1,0,0,0,0,0
312,"1",18,262.375,5,0,0,0,0,0,0,1,0,0,0,0,0
313,"0",26,26,3,1,0,0,1,0,0,0,0,1,0,0,0
314,"0",28,7.8958,1,0,1,0,1,0,0,0,1,0,0,0,1
315,"0",43,26.25,3,1,0,0,1,0,0,0,1,0,0,0,1
316,"1",26,7.8542,1,0,1,0,1,0,0,1,0,0,0,0,0
317,"1",24,26,2,1,0,0,1,0,0,0,0,1,0,0,0
318,"0",54,14,1,1,0,0,1,0,0,0,0,0,0,0,1
319,"1",31,164.8667,3,0,0,0,1,0,0,1,0,0,0,0,0
320,"1",40,134.5,3,0,0,0,0,0,0,0,0,1,0,0,0
321,"0",22,7.25,1,0,1,0,1,0,0,0,1,0,0,0,1
322,"0",27,7.8958,1,0,1,0,1,0,0,0,1,0,0,0,1
323,"1",30,12.35,1,1,0,1,0,0,0,1,0,0,0,0,0
324,"1",22,29,3,1,0,0,1,0,0,0,0,1,0,0,0
325,"0",25.7692307692308,69.55,11,0,1,0,1,0,0,0,1,0,0,0,1
326,"1",36,135.6333,1,0,0,0,0,0,0,1,0,0,0,0,0
327,"0",61,6.2375,1,0,1,0,1,0,0,0,1,0,0,0,1
328,"1",36,13,1,1,0,0,1,0,0,0,0,1,0,0,0
329,"1",31,20.525,3,0,1,0,1,0,0,0,0,1,0,0,0
330,"1",16,57.9792,2,0,0,0,0,0,0,1,0,0,0,0,0
331,"1",22.9,23.25,3,0,1,1,0,0,0,1,0,0,0,0,0
332,"0",45.5,28.5,1,0,0,0,1,0,0,0,1,0,0,0,1
333,"0",38,153.4625,2,0,0,0,1,0,0,0,1,0,0,0,1
334,"0",16,18,3,0,1,0,1,0,0,0,1,0,0,0,1
335,"1",42.6923076923077,133.65,2,0,0,0,1,0,0,0,0,1,0,0,0
336,"0",27.3461538461538,7.8958,1,0,1,0,1,0,0,0,1,0,0,0,1
337,"0",29,66.6,2,0,0,0,1,0,0,0,1,0,0,0,1
338,"1",41,134.5,1,0,0,0,0,0,0,1,0,0,0,0,0
339,"1",45,8.05,1,0,1,0,1,0,0,0,1,0,0,0,1
340,"0",45,35.5,1,0,0,0,1,0,0,0,1,0,0,0,1
341,"1",2,26,3,1,0,0,1,1,0,0,0,0,0,0,1
342,"1",24,263,6,0,0,0,1,0,0,1,0,0,0,0,0
343,"0",28,13,1,1,0,0,1,0,0,0,1,0,0,0,1
344,"0",25,13,1,1,0,0,1,0,0,0,1,0,0,0,1
345,"0",36,13,1,1,0,0,1,0,0,0,1,0,0,0,1
346,"1",24,13,1,1,0,0,1,0,0,1,0,0,0,0,0
347,"1",40,13,1,1,0,0,1,0,0,1,0,0,0,0,0
348,"1",29.4615384615385,16.1,2,0,1,0,1,0,0,0,0,1,0,0,0
349,"1",3,15.9,3,0,1,0,1,1,0,0,0,0,0,0,1
350,"0",42,8.6625,1,0,1,0,1,0,0,0,1,0,0,0,1
351,"0",23,9.225,1,0,1,0,1,0,0,0,1,0,0,0,1
352,"0",47.1923076923077,35,1,0,0,0,1,0,0,0,1,0,0,0,1
353,"0",15,7.2292,3,0,1,0,0,0,0,0,1,0,0,0,1
354,"0",25,17.8,2,0,1,0,1,0,0,0,1,0,0,0,1
355,"0",26.0555555555556,7.225,1,0,1,0,0,0,0,0,1,0,0,0,1
356,"0",28,9.5,1,0,1,0,1,0,0,0,1,0,0,0,1
357,"1",22,55,2,0,0,0,1,0,0,1,0,0,0,0,0
358,"0",38,13,1,1,0,0,1,0,0,1,0,0,0,0,0
359,"1",23.5769230769231,7.8792,1,0,1,1,0,0,0,1,0,0,0,0,0
360,"1",23.5769230769231,7.8792,1,0,1,1,0,0,0,1,0,0,0,0,0
361,"0",40,27.9,6,0,1,0,1,0,0,0,1,0,0,0,1
362,"0",29,27.7208,2,1,0,0,0,0,0,0,1,0,0,0,1
363,"0",45,14.4542,2,0,1,0,0,0,0,0,0,1,0,0,0
364,"0",35,7.05,1,0,1,0,1,0,0,0,1,0,0,0,1
365,"0",34.8214285714286,15.5,2,0,1,1,0,0,0,0,1,0,0,0,1
366,"0",30,7.25,1,0,1,0,1,0,0,0,1,0,0,0,1
367,"1",60,75.25,2,0,0,0,0,0,0,0,0,1,0,0,0
368,"1",33.5,7.2292,1,0,1,0,0,0,0,0,0,1,0,0,0
369,"1",23.9,7.75,1,0,1,1,0,0,0,1,0,0,0,0,0
370,"1",24,69.3,1,0,0,0,0,0,0,0,0,1,0,0,0
371,"1",25,55.4417,2,0,0,0,0,0,0,0,1,0,0,0,1
372,"0",18,6.4958,2,0,1,0,1,0,0,0,1,0,0,0,1
373,"0",19,8.05,1,0,1,0,1,0,0,0,1,0,0,0,1
374,"0",22,135.6333,1,0,0,0,0,0,0,0,1,0,0,0,1
375,"0",3,21.075,5,0,1,0,1,0,0,1,0,0,0,0,0
376,"1",43.6923076923077,82.1708,2,0,0,0,0,0,0,0,0,1,0,0,0
377,"1",22,7.25,1,0,1,0,1,0,0,1,0,0,0,0,0
378,"0",27,211.5,3,0,0,0,0,0,0,0,1,0,0,0,1
379,"0",20,4.0125,1,0,1,0,0,0,0,0,1,0,0,0,1
380,"0",19,7.775,1,0,1,0,1,0,0,0,1,0,0,0,1
381,"1",42,227.525,1,0,0,0,0,0,0,1,0,0,0,0,0
382,"1",1,15.7417,3,0,1,0,0,0,0,1,0,0,0,0,0
383,"0",32,7.925,1,0,1,0,1,0,0,0,1,0,0,0,1
384,"1",35,52,2,0,0,0,1,0,0,0,0,1,0,0,0
385,"0",27.3461538461538,7.8958,1,0,1,0,1,0,0,0,1,0,0,0,1
386,"0",18,73.5,1,1,0,0,1,0,0,0,1,0,0,0,1
387,"0",1,46.9,8,0,1,0,1,1,0,0,0,0,0,0,1
388,"1",36,13,1,1,0,0,1,0,0,1,0,0,0,0,0
389,"0",34.4230769230769,7.7292,1,0,1,1,0,0,0,0,1,0,0,0,1
390,"1",17,12,1,1,0,0,0,0,0,1,0,0,0,0,0
391,"1",36,120,4,0,0,0,1,0,0,0,1,0,0,0,1
392,"1",21,7.7958,1,0,1,0,1,0,0,0,1,0,0,0,1
393,"0",28,7.925,3,0,1,0,1,0,0,0,1,0,0,0,1
394,"1",23,113.275,2,0,0,0,0,0,0,1,0,0,0,0,0
395,"1",24,16.7,3,0,1,0,1,0,0,0,0,1,0,0,0
396,"0",22,7.7958,1,0,1,0,1,0,0,0,1,0,0,0,1
397,"0",31,7.8542,1,0,1,0,1,0,0,1,0,0,0,0,0
398,"0",46,26,1,1,0,0,1,0,0,0,1,0,0,0,1
399,"0",23,10.5,1,1,0,0,1,0,0,0,0,0,0,0,1
400,"1",28,12.65,1,1,0,0,1,0,0,0,0,1,0,0,0
401,"1",39,7.925,1,0,1,0,1,0,0,0,1,0,0,0,1
402,"0",26,8.05,1,0,1,0,1,0,0,0,1,0,0,0,1
403,"0",21,9.825,2,0,1,0,1,0,0,1,0,0,0,0,0
404,"0",28,15.85,2,0,1,0,1,0,0,0,1,0,0,0,1
405,"0",20,8.6625,1,0,1,0,1,0,0,1,0,0,0,0,0
406,"0",34,21,2,1,0,0,1,0,0,0,1,0,0,0,1
407,"0",51,7.75,1,0,1,0,1,0,0,0,1,0,0,0,1
408,"1",3,18.75,3,1,0,0,1,1,0,0,0,0,0,0,1
409,"0",21,7.775,1,0,1,0,1,0,0,0,1,0,0,0,1
410,"0",6.86928571428571,25.4667,5,0,1,0,1,0,0,1,0,0,0,0,0
411,"0",27.3461538461538,7.8958,1,0,1,0,1,0,0,0,1,0,0,0,1
412,"0",33.0769230769231,6.8583,1,0,1,1,0,0,0,0,1,0,0,0,1
413,"1",33,90,2,0,0,1,0,0,0,1,0,0,0,0,0
414,"0",31.4166666666667,0,1,1,0,0,1,0,0,0,1,0,0,0,1
415,"1",44,7.925,1,0,1,0,1,0,0,0,1,0,0,0,1
416,"0",33.7692307692308,8.05,1,0,1,0,1,0,0,0,0,1,0,0,0
417,"1",34,32.5,3,1,0,0,1,0,0,0,0,1,0,0,0
418,"1",18,13,3,1,0,0,1,0,0,1,0,0,0,0,0
419,"0",30,13,1,1,0,0,1,0,0,0,1,0,0,0,1
420,"0",10,24.15,3,0,1,0,1,0,0,1,0,0,0,0,0
421,"0",26.952380952381,7.8958,1,0,1,0,0,0,0,0,1,0,0,0,1
422,"0",21,7.7333,1,0,1,1,0,0,0,0,1,0,0,0,1
423,"0",29,7.875,1,0,1,0,1,0,0,0,1,0,0,0,1
424,"0",28,14.4,3,0,1,0,1,0,0,0,0,1,0,0,0
425,"0",18,20.2125,3,0,1,0,1,0,0,0,1,0,0,0,1
426,"0",30.5,7.25,1,0,1,0,1,0,0,0,1,0,0,0,1
427,"1",28,26,2,1,0,0,1,0,0,0,0,1,0,0,0
428,"1",19,26,1,1,0,0,1,0,0,1,0,0,0,0,0
429,"0",34.4230769230769,7.75,1,0,1,1,0,0,0,0,1,0,0,0,1
430,"1",32,8.05,1,0,1,0,1,0,0,0,1,0,0,0,1
431,"1",28,26.55,1,0,0,0,1,0,0,0,1,0,0,0,1
432,"1",29.4615384615385,16.1,2,0,1,0,1,0,0,0,0,1,0,0,0
433,"1",42,26,2,1,0,0,1,0,0,0,0,1,0,0,0
434,"0",17,7.125,1,0,1,0,1,0,0,0,1,0,0,0,1
435,"0",50,55.9,2,0,0,0,1,0,0,0,1,0,0,0,1
436,"1",14,120,4,0,0,0,1,0,0,1,0,0,0,0,0
437,"0",21,34.375,5,0,1,0,1,0,0,1,0,0,0,0,0
438,"1",24,18.75,6,1,0,0,1,0,0,0,0,1,0,0,0
439,"0",64,263,6,0,0,0,1,0,0,0,1,0,0,0,1
440,"0",31,10.5,1,1,0,0,1,0,0,0,1,0,0,0,1
441,"1",45,26.25,3,1,0,0,1,0,0,0,0,1,0,0,0
442,"0",20,9.5,1,0,1,0,1,0,0,0,1,0,0,0,1
443,"0",25,7.775,2,0,1,0,1,0,0,0,1,0,0,0,1
444,"1",28,13,1,1,0,0,1,0,0,1,0,0,0,0,0
445,"1",29.7083333333333,8.1125,1,0,1,0,1,0,0,0,1,0,0,0,1
446,"1",4,81.8583,3,0,0,0,1,1,0,0,0,0,0,0,1
447,"1",13,19.5,2,1,0,0,1,0,0,1,0,0,0,0,0
448,"1",34,26.55,1,0,0,0,1,0,0,0,1,0,0,0,1
449,"1",5,19.2583,4,0,1,0,0,0,0,1,0,0,0,0,0
450,"1",52,30.5,1,0,0,0,1,0,1,0,0,0,0,0,1
451,"0",36,27.75,4,1,0,0,1,0,0,0,1,0,0,0,1
452,"0",32.0384615384615,19.9667,2,0,1,0,1,0,0,0,1,0,0,0,1
453,"0",30,27.75,1,0,0,0,0,0,0,0,1,0,0,0,1
454,"1",49,89.1042,2,0,0,0,0,0,0,0,1,0,0,0,1
455,"0",30.0142857142857,8.05,1,0,1,0,1,0,0,0,1,0,0,0,1
456,"1",29,7.8958,1,0,1,0,0,0,0,0,1,0,0,0,1
457,"0",65,26.55,1,0,0,0,1,0,0,0,1,0,0,0,1
458,"1",37.4615384615385,51.8625,2,0,0,0,1,0,0,0,0,1,0,0,0
459,"1",50,10.5,1,1,0,0,1,0,0,1,0,0,0,0,0
460,"0",34.4230769230769,7.75,1,0,1,1,0,0,0,0,1,0,0,0,1
461,"1",48,26.55,1,0,0,0,1,0,0,0,1,0,0,0,1
462,"0",34,8.05,1,0,1,0,1,0,0,0,1,0,0,0,1
463,"0",47,38.5,1,0,0,0,1,0,0,0,1,0,0,0,1
464,"0",48,13,1,1,0,0,1,0,0,0,1,0,0,0,1
465,"0",30.0142857142857,8.05,1,0,1,0,1,0,0,0,1,0,0,0,1
466,"0",38,7.05,1,0,1,0,1,0,0,0,1,0,0,0,1
467,"0",31.4166666666667,0,1,1,0,0,1,0,0,0,1,0,0,0,1
468,"0",56,26.55,1,0,0,0,1,0,0,0,1,0,0,0,1
469,"0",34.4230769230769,7.725,1,0,1,1,0,0,0,0,1,0,0,0,1
470,"1",0.75,19.2583,4,0,1,0,0,0,0,1,0,0,0,0,0
471,"0",30.5,7.25,1,0,1,0,1,0,0,0,1,0,0,0,1
472,"0",38,8.6625,1,0,1,0,1,0,0,0,1,0,0,0,1
473,"1",33,27.75,4,1,0,0,1,0,0,0,0,1,0,0,0
474,"1",23,13.7917,1,1,0,0,0,0,0,0,0,1,0,0,0
475,"0",22,9.8375,1,0,1,0,1,0,0,1,0,0,0,0,0
476,"0",39.8461538461538,52,1,0,0,0,1,0,0,0,1,0,0,0,1
477,"0",34,21,2,1,0,0,1,0,0,0,1,0,0,0,1
478,"0",29,7.0458,2,0,1,0,1,0,0,0,1,0,0,0,1
479,"0",22,7.5208,1,0,1,0,1,0,0,0,1,0,0,0,1
480,"1",2,12.2875,2,0,1,0,1,0,0,1,0,0,0,0,0
481,"0",9,46.9,8,0,1,0,1,1,0,0,0,0,0,0,1
482,"0",31.4166666666667,0,1,1,0,0,1,0,0,0,1,0,0,0,1
483,"0",50,8.05,1,0,1,0,1,0,0,0,1,0,0,0,1
484,"1",63,9.5875,1,0,1,0,1,0,0,0,0,1,0,0,0
485,"1",25,91.0792,2,0,0,0,0,0,0,0,1,0,0,0,1
486,"0",6.86928571428571,25.4667,5,0,1,0,1,0,0,1,0,0,0,0,0
487,"1",35,90,2,0,0,0,1,0,0,0,0,1,0,0,0
488,"0",58,29.7,1,0,0,0,0,0,0,0,1,0,0,0,1
489,"0",30,8.05,1,0,1,0,1,0,0,0,1,0,0,0,1
490,"1",9,15.9,3,0,1,0,1,1,0,0,0,0,0,0,1
491,"0",32.0384615384615,19.9667,2,0,1,0,1,0,0,0,1,0,0,0,1
492,"0",21,7.25,1,0,1,0,1,0,0,0,1,0,0,0,1
493,"0",55,30.5,1,0,0,0,1,0,0,0,1,0,0,0,1
494,"0",71,49.5042,1,0,0,0,0,0,0,0,1,0,0,0,1
495,"0",21,8.05,1,0,1,0,1,0,0,0,1,0,0,0,1
496,"0",25.7307692307692,14.4583,1,0,1,0,0,0,0,0,1,0,0,0,1
497,"1",54,78.2667,2,0,0,0,0,0,0,1,0,0,0,0,0
498,"0",26.4411764705882,15.1,1,0,1,0,1,0,0,0,1,0,0,0,1
499,"0",25,151.55,4,0,0,0,1,0,0,0,0,1,0,0,0
500,"0",24,7.7958,1,0,1,0,1,0,0,0,1,0,0,0,1
501,"0",17,8.6625,1,0,1,0,1,0,0,0,1,0,0,0,1
502,"0",21,7.75,1,0,1,1,0,0,0,1,0,0,0,0,0
503,"0",23.9,7.6292,1,0,1,1,0,0,0,1,0,0,0,0,0
504,"0",37,9.5875,1,0,1,0,1,0,0,1,0,0,0,0,0
505,"1",16,86.5,1,0,0,0,1,0,0,1,0,0,0,0,0
506,"0",18,108.9,2,0,0,0,0,0,0,0,1,0,0,0,1
507,"1",33,26,3,1,0,0,1,0,0,0,0,1,0,0,0
508,"1",46.4615384615385,26.55,1,0,0,0,1,0,0,0,1,0,0,0,1
509,"0",28,22.525,1,0,1,0,1,0,0,0,1,0,0,0,1
510,"1",26,56.4958,1,0,1,0,1,0,0,0,1,0,0,0,1
511,"1",29,7.75,1,0,1,1,0,0,0,0,1,0,0,0,1
512,"0",30.0142857142857,8.05,1,0,1,0,1,0,0,0,1,0,0,0,1
513,"1",36,26.2875,1,0,0,0,1,0,0,0,1,0,0,0,1
514,"1",54,59.4,2,0,0,0,0,0,0,0,0,1,0,0,0
515,"0",24,7.4958,1,0,1,0,1,0,0,0,1,0,0,0,1
516,"0",47,34.0208,1,0,0,0,1,0,0,0,1,0,0,0,1
517,"1",34,10.5,1,1,0,0,1,0,0,0,0,1,0,0,0
518,"0",34.4230769230769,24.15,1,0,1,1,0,0,0,0,1,0,0,0,1
519,"1",36,26,2,1,0,0,1,0,0,0,0,1,0,0,0
520,"0",32,7.8958,1,0,1,0,1,0,0,0,1,0,0,0,1
521,"1",30,93.5,1,0,0,0,1,0,0,1,0,0,0,0,0
522,"0",22,7.8958,1,0,1,0,1,0,0,0,1,0,0,0,1
523,"0",26.0555555555556,7.225,1,0,1,0,0,0,0,0,1,0,0,0,1
524,"1",44,57.9792,2,0,0,0,0,0,0,0,0,1,0,0,0
525,"0",26.0555555555556,7.2292,1,0,1,0,0,0,0,0,1,0,0,0,1
526,"0",40.5,7.75,1,0,1,1,0,0,0,0,1,0,0,0,1
527,"1",50,10.5,1,1,0,0,1,0,0,1,0,0,0,0,0
528,"0",38.8928571428571,221.7792,1,0,0,0,1,0,0,0,1,0,0,0,1
529,"0",39,7.925,1,0,1,0,1,0,0,0,1,0,0,0,1
530,"0",23,11.5,4,1,0,0,1,0,0,0,1,0,0,0,1
531,"1",2,26,3,1,0,0,1,0,0,1,0,0,0,0,0
532,"0",26.0555555555556,7.2292,1,0,1,0,0,0,0,0,1,0,0,0,1
533,"0",17,7.2292,3,0,1,0,0,0,0,0,1,0,0,0,1
534,"1",30.4615384615385,22.3583,3,0,1,0,0,0,0,0,0,1,0,0,0
535,"0",30,8.6625,1,0,1,0,1,0,0,1,0,0,0,0,0
536,"1",7,26.25,3,1,0,0,1,0,0,1,0,0,0,0,0
537,"0",45,26.55,1,0,0,0,1,0,1,0,0,0,0,0,1
538,"1",30,106.425,1,0,0,0,0,0,0,1,0,0,0,0,0
539,"0",26.4411764705882,14.5,1,0,1,0,1,0,0,0,1,0,0,0,1
540,"1",22,49.5,3,0,0,0,0,0,0,1,0,0,0,0,0
541,"1",36,71,3,0,0,0,1,0,0,1,0,0,0,0,0
542,"0",9,31.275,7,0,1,0,1,0,0,1,0,0,0,0,0
543,"0",11,31.275,7,0,1,0,1,0,0,1,0,0,0,0,0
544,"1",32,26,2,1,0,0,1,0,0,0,1,0,0,0,1
545,"0",50,106.425,2,0,0,0,0,0,0,0,1,0,0,0,1
546,"0",64,26,1,0,0,0,1,0,0,0,1,0,0,0,1
547,"1",19,26,2,1,0,0,1,0,0,0,0,1,0,0,0
548,"1",31.8076923076923,13.8625,1,1,0,0,0,0,0,0,1,0,0,0,1
549,"0",33,20.525,3,0,1,0,1,0,0,0,1,0,0,0,1
550,"1",8,36.75,3,1,0,0,1,1,0,0,0,0,0,0,1
551,"1",17,110.8833,3,0,0,0,0,0,0,0,1,0,0,0,1
552,"0",27,26,1,1,0,0,1,0,0,0,1,0,0,0,1
553,"0",34.4230769230769,7.8292,1,0,1,1,0,0,0,0,1,0,0,0,1
554,"1",22,7.225,1,0,1,0,0,0,0,0,1,0,0,0,1
555,"1",22,7.775,1,0,1,0,1,0,0,1,0,0,0,0,0
556,"0",62,26.55,1,0,0,0,1,0,0,0,1,0,0,0,1
557,"1",48,39.6,2,0,0,0,0,0,0,0,0,0,1,0,0
558,"0",38.8214285714286,227.525,1,0,0,0,0,0,0,0,1,0,0,0,1
559,"1",39,79.65,3,0,0,0,1,0,0,0,0,1,0,0,0
560,"1",36,17.4,2,0,1,0,1,0,0,0,0,1,0,0,0
561,"0",34.4230769230769,7.75,1,0,1,1,0,0,0,0,1,0,0,0,1
562,"0",40,7.8958,1,0,1,0,1,0,0,0,1,0,0,0,1
563,"0",28,13.5,1,1,0,0,1,0,0,0,1,0,0,0,1
564,"0",30.0142857142857,8.05,1,0,1,0,1,0,0,0,1,0,0,0,1
565,"0",23.4705882352941,8.05,1,0,1,0,1,0,0,1,0,0,0,0,0
566,"0",24,24.15,3,0,1,0,1,0,0,0,1,0,0,0,1
567,"0",19,7.8958,1,0,1,0,1,0,0,0,1,0,0,0,1
568,"0",29,21.075,5,0,1,0,1,0,0,0,0,1,0,0,0
569,"0",26.0555555555556,7.2292,1,0,1,0,0,0,0,0,1,0,0,0,1
570,"1",32,7.8542,1,0,1,0,1,0,0,0,1,0,0,0,1
571,"1",62,10.5,1,1,0,0,1,0,0,0,1,0,0,0,1
572,"1",53,51.4792,3,0,0,0,1,0,0,0,0,1,0,0,0
573,"1",36,26.3875,1,0,0,0,1,0,0,0,1,0,0,0,1
574,"1",23.9,7.75,1,0,1,1,0,0,0,1,0,0,0,0,0
575,"0",16,8.05,1,0,1,0,1,0,0,0,1,0,0,0,1
576,"0",19,14.5,1,0,1,0,1,0,0,0,1,0,0,0,1
577,"1",34,13,1,1,0,0,1,0,0,1,0,0,0,0,0
578,"1",39,55.9,2,0,0,0,1,0,0,0,0,1,0,0,0
579,"0",33.5,14.4583,2,0,1,0,0,0,0,0,0,1,0,0,0
580,"1",32,7.925,1,0,1,0,1,0,0,0,1,0,0,0,1
581,"1",25,30,3,1,0,0,1,0,0,1,0,0,0,0,0
582,"1",39,110.8833,3,0,0,0,0,0,0,0,0,1,0,0,0
583,"0",54,26,1,1,0,0,1,0,0,0,1,0,0,0,1
584,"0",36,40.125,1,0,0,0,0,0,0,0,1,0,0,0,1
585,"0",27.2272727272727,8.7125,1,0,1,0,0,0,0,0,1,0,0,0,1
586,"1",18,79.65,3,0,0,0,1,0,0,1,0,0,0,0,0
587,"0",47,15,1,1,0,0,1,0,0,0,1,0,0,0,1
588,"1",60,79.2,3,0,0,0,0,0,0,0,1,0,0,0,1
589,"0",22,8.05,1,0,1,0,1,0,0,0,1,0,0,0,1
590,"0",30.0142857142857,8.05,1,0,1,0,1,0,0,0,1,0,0,0,1
591,"0",35,7.125,1,0,1,0,1,0,0,0,1,0,0,0,1
592,"1",52,78.2667,2,0,0,0,0,0,0,0,0,1,0,0,0
593,"0",47,7.25,1,0,1,0,1,0,0,0,1,0,0,0,1
594,"0",23.0588235294118,7.75,3,0,1,1,0,0,0,1,0,0,0,0,0
595,"0",37,26,2,1,0,0,1,0,0,0,1,0,0,0,1
596,"0",36,24.15,3,0,1,0,1,0,0,0,1,0,0,0,1
597,"1",28.0294117647059,33,1,1,0,0,1,0,0,1,0,0,0,0,0
598,"0",49,0,1,0,1,0,1,0,0,0,1,0,0,0,1
599,"0",26.0555555555556,7.225,1,0,1,0,0,0,0,0,1,0,0,0,1
600,"1",49,56.9292,2,0,0,0,0,0,0,0,0,0,1,0,1
601,"1",24,27,4,1,0,0,1,0,0,0,0,1,0,0,0
602,"0",27.3461538461538,7.8958,1,0,1,0,1,0,0,0,1,0,0,0,1
603,"0",40.9230769230769,42.4,1,0,0,0,1,0,0,0,1,0,0,0,1
604,"0",44,8.05,1,0,1,0,1,0,0,0,1,0,0,0,1
605,"1",35,26.55,1,0,0,0,0,0,0,0,1,0,0,0,1
606,"0",36,15.55,2,0,1,0,1,0,0,0,1,0,0,0,1
607,"0",30,7.8958,1,0,1,0,1,0,0,0,1,0,0,0,1
608,"1",27,30.5,1,0,0,0,1,0,0,0,1,0,0,0,1
609,"1",22,41.5792,4,1,0,0,0,0,0,0,0,1,0,0,0
610,"1",40,153.4625,1,0,0,0,1,0,0,1,0,0,0,0,0
611,"0",39,31.275,7,0,1,0,1,0,0,0,0,1,0,0,0
612,"0",30.5714285714286,7.05,1,0,1,0,1,0,0,0,1,0,0,0,1
613,"1",22.9,15.5,2,0,1,1,0,0,0,1,0,0,0,0,0
614,"0",34.4230769230769,7.75,1,0,1,1,0,0,0,0,1,0,0,0,1
615,"0",35,8.05,1,0,1,0,1,0,0,0,1,0,0,0,1
616,"1",24,65,4,1,0,0,1,0,0,1,0,0,0,0,0
617,"0",34,14.4,3,0,1,0,1,0,0,0,1,0,0,0,1
618,"0",26,16.1,2,0,1,0,1,0,0,0,0,1,0,0,0
619,"1",4,39,4,1,0,0,1,0,0,1,0,0,0,0,0
620,"0",26,10.5,1,1,0,0,1,0,0,0,1,0,0,0,1
621,"0",27,14.4542,2,0,1,0,0,0,0,0,1,0,0,0,1
622,"1",42,52.5542,2,0,0,0,1,0,0,0,1,0,0,0,1
623,"1",20,15.7417,3,0,1,0,0,0,0,0,1,0,0,0,1
624,"0",21,7.8542,1,0,1,0,1,0,0,0,1,0,0,0,1
625,"0",21,16.1,1,0,1,0,1,0,0,0,1,0,0,0,1
626,"0",61,32.3208,1,0,0,0,1,0,0,0,1,0,0,0,1
627,"0",57,12.35,1,1,0,1,0,0,0,0,0,0,0,1,1
628,"1",21,77.9583,1,0,0,0,1,0,0,1,0,0,0,0,0
629,"0",26,7.8958,1,0,1,0,1,0,0,0,1,0,0,0,1
630,"0",34.4230769230769,7.7333,1,0,1,1,0,0,0,0,1,0,0,0,1
631,"1",80,30,1,0,0,0,1,0,0,0,1,0,0,0,1
632,"0",51,7.0542,1,0,1,0,1,0,0,0,1,0,0,0,1
633,"1",32,30.5,1,0,0,0,0,0,0,0,0,0,0,0,1
634,"0",43.0769230769231,0,1,0,0,0,1,0,0,0,1,0,0,0,1
635,"0",9,27.9,6,0,1,0,1,0,0,1,0,0,0,0,0
636,"1",28,13,1,1,0,0,1,0,0,1,0,0,0,0,0
637,"0",32,7.925,1,0,1,0,1,0,0,0,1,0,0,0,1
638,"0",31,26.25,3,1,0,0,1,0,0,0,1,0,0,0,1
639,"0",41,39.6875,6,0,1,0,1,0,0,0,0,1,0,0,0
640,"0",32.0384615384615,16.1,2,0,1,0,1,0,0,0,1,0,0,0,1
641,"0",20,7.8542,1,0,1,0,1,0,0,0,1,0,0,0,1
642,"1",24,69.3,1,0,0,0,0,0,0,1,0,0,0,0,0
643,"0",2,27.9,6,0,1,0,1,0,0,1,0,0,0,0,0
644,"1",28.6923076923077,56.4958,1,0,1,0,1,0,0,0,1,0,0,0,1
645,"1",0.75,19.2583,4,0,1,0,0,0,0,1,0,0,0,0,0
646,"1",48,76.7292,2,0,0,0,0,0,0,0,1,0,0,0,1
647,"0",19,7.8958,1,0,1,0,1,0,0,0,1,0,0,0,1
648,"1",56,35.5,1,0,0,0,0,0,1,0,0,0,0,0,1
649,"0",29.0769230769231,7.55,1,0,1,0,1,0,0,0,1,0,0,0,1
650,"1",23,7.55,1,0,1,0,1,0,0,1,0,0,0,0,0
651,"0",27.3461538461538,7.8958,1,0,1,0,1,0,0,0,1,0,0,0,1
652,"1",18,23,2,1,0,0,1,0,0,1,0,0,0,0,0
653,"0",21,8.4333,1,0,1,0,1,0,0,0,1,0,0,0,1
654,"1",23.5769230769231,7.8292,1,0,1,1,0,0,0,1,0,0,0,0,0
655,"0",18,6.75,1,0,1,1,0,0,0,1,0,0,0,0,0
656,"0",24,73.5,3,1,0,0,1,0,0,0,1,0,0,0,1
657,"0",27.3461538461538,7.8958,1,0,1,0,1,0,0,0,1,0,0,0,1
658,"0",32,15.5,3,0,1,1,0,0,0,0,0,1,0,0,0
659,"0",23,13,1,1,0,0,1,0,0,0,1,0,0,0,1
660,"0",58,113.275,3,0,0,0,0,0,0,0,1,0,0,0,1
661,"1",50,133.65,3,0,0,0,1,0,0,0,0,0,0,0,1
662,"0",40,7.225,1,0,1,0,0,0,0,0,1,0,0,0,1
663,"0",47,25.5875,1,0,0,0,1,0,0,0,1,0,0,0,1
664,"0",36,7.4958,1,0,1,0,1,0,0,0,1,0,0,0,1
665,"1",20,7.925,2,0,1,0,1,0,0,0,1,0,0,0,1
666,"0",32,73.5,3,1,0,0,1,0,0,0,1,0,0,0,1
667,"0",25,13,1,1,0,0,1,0,0,0,1,0,0,0,1
668,"0",27.8666666666667,7.775,1,0,1,0,1,0,0,0,1,0,0,0,1
669,"0",43,8.05,1,0,1,0,1,0,0,0,1,0,0,0,1
670,"1",37.4615384615385,52,2,0,0,0,1,0,0,0,0,1,0,0,0
671,"1",40,39,3,1,0,0,1,0,0,0,0,1,0,0,0
672,"0",31,52,2,0,0,0,1,0,0,0,1,0,0,0,1
673,"0",70,10.5,1,1,0,0,1,0,0,0,1,0,0,0,1
674,"1",31,13,1,1,0,0,1,0,0,0,1,0,0,0,1
675,"0",31.4166666666667,0,1,1,0,0,1,0,0,0,1,0,0,0,1
676,"0",18,7.775,1,0,1,0,1,0,0,0,1,0,0,0,1
677,"0",24.5,8.05,1,0,1,0,1,0,0,0,1,0,0,0,1
678,"1",18,9.8417,1,0,1,0,1,0,0,1,0,0,0,0,0
679,"0",43,46.9,8,0,1,0,1,0,0,0,0,1,0,0,0
680,"1",36,512.3292,2,0,0,0,0,0,0,0,1,0,0,0,1
681,"0",22.9642857142857,8.1375,1,0,1,1,0,0,0,1,0,0,0,0,0
682,"1",27,76.7292,1,0,0,0,0,0,0,0,1,0,0,0,1
683,"0",20,9.225,1,0,1,0,1,0,0,0,1,0,0,0,1
684,"0",14,46.9,8,0,1,0,1,0,0,0,1,0,0,0,1
685,"0",60,39,3,1,0,0,1,0,0,0,1,0,0,0,1
686,"0",25,41.5792,4,1,0,0,0,0,0,0,1,0,0,0,1
687,"0",14,39.6875,6,0,1,0,1,0,0,0,1,0,0,0,1
688,"0",19,10.1708,1,0,1,0,1,0,0,0,1,0,0,0,1
689,"0",18,7.7958,1,0,1,0,1,0,0,0,1,0,0,0,1
690,"1",15,211.3375,2,0,0,0,1,0,0,1,0,0,0,0,0
691,"1",31,57,2,0,0,0,1,0,0,0,1,0,0,0,1
692,"1",4,13.4167,2,0,1,0,0,0,0,1,0,0,0,0,0
693,"1",28.6923076923077,56.4958,1,0,1,0,1,0,0,0,1,0,0,0,1
694,"0",25,7.225,1,0,1,0,0,0,0,0,1,0,0,0,1
695,"0",60,26.55,1,0,0,0,1,0,1,0,0,0,0,0,1
696,"0",52,13.5,1,1,0,0,1,0,0,0,1,0,0,0,1
697,"0",44,8.05,1,0,1,0,1,0,0,0,1,0,0,0,1
698,"1",23.9,7.7333,1,0,1,1,0,0,0,1,0,0,0,0,0
699,"0",49,110.8833,3,0,0,0,0,0,0,0,1,0,0,0,1
700,"0",42,7.65,1,0,1,0,1,0,0,0,1,0,0,0,1
701,"1",18,227.525,2,0,0,0,0,0,0,0,0,1,0,0,0
702,"1",35,26.2875,1,0,0,0,1,0,0,0,1,0,0,0,1
703,"0",18,14.4542,2,0,1,0,0,0,0,1,0,0,0,0,0
704,"0",25,7.7417,1,0,1,1,0,0,0,0,1,0,0,0,1
705,"0",26,7.8542,2,0,1,0,1,0,0,0,1,0,0,0,1
706,"0",39,26,1,1,0,0,1,0,0,0,1,0,0,0,1
707,"1",45,13.5,1,1,0,0,1,0,0,0,0,1,0,0,0
708,"1",42,26.2875,1,0,0,0,1,0,0,0,1,0,0,0,1
709,"1",22,151.55,1,0,0,0,1,0,0,1,0,0,0,0,0
710,"1",6.30769230769231,15.2458,3,0,1,0,0,1,0,0,0,0,0,0,1
711,"1",24,49.5042,1,0,0,0,0,0,0,1,0,0,0,0,0
712,"0",46.4615384615385,26.55,1,0,0,0,1,0,0,0,1,0,0,0,1
713,"1",48,52,2,0,0,0,1,0,0,0,1,0,0,0,1
714,"0",29,9.4833,1,0,1,0,1,0,0,0,1,0,0,0,1
715,"0",52,13,1,1,0,0,1,0,0,0,1,0,0,0,1
716,"0",19,7.65,1,0,1,0,1,0,0,0,1,0,0,0,1
717,"1",38,227.525,1,0,0,0,0,0,0,1,0,0,0,0,0
718,"1",27,10.5,1,1,0,0,1,0,0,1,0,0,0,0,0
719,"0",34.4230769230769,15.5,1,0,1,1,0,0,0,0,1,0,0,0,1
720,"0",33,7.775,1,0,1,0,1,0,0,0,1,0,0,0,1
721,"1",6,33,2,1,0,0,1,0,0,1,0,0,0,0,0
722,"0",17,7.0542,2,0,1,0,1,0,0,0,1,0,0,0,1
723,"0",34,13,1,1,0,0,1,0,0,0,1,0,0,0,1
724,"0",50,13,1,1,0,0,1,0,0,0,1,0,0,0,1
725,"1",27,53.1,2,0,0,0,1,0,0,0,1,0,0,0,1
726,"0",20,8.6625,1,0,1,0,1,0,0,0,1,0,0,0,1
727,"1",30,21,4,1,0,0,1,0,0,0,0,1,0,0,0
728,"1",23.9,7.7375,1,0,1,1,0,0,0,1,0,0,0,0,0
729,"0",25,26,2,1,0,0,1,0,0,0,1,0,0,0,1
730,"0",25,7.925,2,0,1,0,1,0,0,1,0,0,0,0,0
731,"1",29,211.3375,1,0,0,0,1,0,0,1,0,0,0,0,0
732,"0",11,18.7875,1,0,1,0,0,0,0,0,1,0,0,0,1
733,"0",31.4166666666667,0,1,1,0,0,1,0,0,0,1,0,0,0,1
734,"0",23,13,1,1,0,0,1,0,0,0,1,0,0,0,1
735,"0",23,13,1,1,0,0,1,0,0,0,1,0,0,0,1
736,"0",28.5,16.1,1,0,1,0,1,0,0,0,1,0,0,0,1
737,"0",48,34.375,5,0,1,0,1,0,0,0,0,1,0,0,0
738,"1",35,512.3292,1,0,0,0,0,0,0,0,1,0,0,0,1
739,"0",27.3461538461538,7.8958,1,0,1,0,1,0,0,0,1,0,0,0,1
740,"0",27.3461538461538,7.8958,1,0,1,0,1,0,0,0,1,0,0,0,1
741,"1",47.7105263157895,30,1,0,0,0,1,0,0,0,1,0,0,0,1
742,"0",36,78.85,2,0,0,0,1,0,0,0,1,0,0,0,1
743,"1",21,262.375,5,0,0,0,0,0,0,1,0,0,0,0,0
744,"0",24,16.1,2,0,1,0,1,0,0,0,1,0,0,0,1
745,"1",31,7.925,1,0,1,0,1,0,0,0,1,0,0,0,1
746,"0",70,71,3,0,0,0,1,0,1,0,0,0,0,0,1
747,"0",16,20.25,3,0,1,0,1,0,0,0,1,0,0,0,1
748,"1",30,13,1,1,0,0,1,0,0,1,0,0,0,0,0
749,"0",19,53.1,2,0,0,0,1,0,0,0,1,0,0,0,1
750,"0",31,7.75,1,0,1,1,0,0,0,0,1,0,0,0,1
751,"1",4,23,3,1,0,0,1,0,0,1,0,0,0,0,0
752,"1",6,12.475,2,0,1,0,1,1,0,0,0,0,0,0,1
753,"0",33,9.5,1,0,1,0,1,0,0,0,1,0,0,0,1
754,"0",23,7.8958,1,0,1,0,1,0,0,0,1,0,0,0,1
755,"1",48,65,4,1,0,0,1,0,0,0,0,1,0,0,0
756,"1",0.67,14.5,3,1,0,0,1,1,0,0,0,0,0,0,1
757,"0",28,7.7958,1,0,1,0,1,0,0,0,1,0,0,0,1
758,"0",18,11.5,1,1,0,0,1,0,0,0,1,0,0,0,1
759,"0",34,8.05,1,0,1,0,1,0,0,0,1,0,0,0,1
760,"1",33,86.5,1,0,0,0,1,0,0,0,0,0,1,0,0
761,"0",26.4411764705882,14.5,1,0,1,0,1,0,0,0,1,0,0,0,1
762,"0",41,7.125,1,0,1,0,1,0,0,0,1,0,0,0,1
763,"1",20,7.2292,1,0,1,0,0,0,0,0,1,0,0,0,1
764,"1",36,120,4,0,0,0,1,0,0,0,0,1,0,0,0
765,"0",16,7.775,1,0,1,0,1,0,0,0,1,0,0,0,1
766,"1",51,77.9583,2,0,0,0,1,0,0,0,0,1,0,0,0
767,"0",43.6785714285714,39.6,1,0,0,0,0,0,0,0,0,0,0,0,1
768,"0",30.5,7.75,1,0,1,1,0,0,0,1,0,0,0,0,0
769,"0",34.8214285714286,24.15,2,0,1,1,0,0,0,0,1,0,0,0,1
770,"0",32,8.3625,1,0,1,0,1,0,0,0,1,0,0,0,1
771,"0",24,9.5,1,0,1,0,1,0,0,0,1,0,0,0,1
772,"0",48,7.8542,1,0,1,0,1,0,0,0,1,0,0,0,1
773,"0",57,10.5,1,1,0,0,1,0,0,0,0,1,0,0,0
774,"0",26.0555555555556,7.225,1,0,1,0,0,0,0,0,1,0,0,0,1
775,"1",54,23,5,1,0,0,1,0,0,0,0,1,0,0,0
776,"0",18,7.75,1,0,1,0,1,0,0,0,1,0,0,0,1
777,"0",34.4230769230769,7.75,1,0,1,1,0,0,0,0,1,0,0,0,1
778,"1",5,12.475,1,0,1,0,1,0,0,1,0,0,0,0,0
779,"0",34.4230769230769,7.7375,1,0,1,1,0,0,0,0,1,0,0,0,1
780,"1",43,211.3375,2,0,0,0,1,0,0,0,0,1,0,0,0
781,"1",13,7.2292,1,0,1,0,0,0,0,1,0,0,0,0,0
782,"1",17,57,2,0,0,0,1,0,0,0,0,1,0,0,0
783,"0",29,30,1,0,0,0,1,0,0,0,1,0,0,0,1
784,"0",28.1153846153846,23.45,4,0,1,0,1,0,0,0,1,0,0,0,1
785,"0",25,7.05,1,0,1,0,1,0,0,0,1,0,0,0,1
786,"0",25,7.25,1,0,1,0,1,0,0,0,1,0,0,0,1
787,"1",18,7.4958,1,0,1,0,1,0,0,1,0,0,0,0,0
788,"0",8,29.125,6,0,1,1,0,1,0,0,0,0,0,0,1
789,"1",1,20.575,4,0,1,0,1,1,0,0,0,0,0,0,1
790,"0",46,79.2,1,0,0,0,0,0,0,0,1,0,0,0,1
791,"0",34.4230769230769,7.75,1,0,1,1,0,0,0,0,1,0,0,0,1
792,"0",16,26,1,1,0,0,1,0,0,0,1,0,0,0,1
793,"0",11.9230769230769,69.55,11,0,1,0,1,0,0,1,0,0,0,0,0
794,"0",40.0384615384615,30.6958,1,0,0,0,0,0,0,0,1,0,0,0,1
795,"0",25,7.8958,1,0,1,0,1,0,0,0,1,0,0,0,1
796,"0",39,13,1,1,0,0,1,0,0,0,1,0,0,0,1
797,"1",49,25.9292,1,0,0,0,1,0,0,0,0,0,0,0,0
798,"1",31,8.6833,1,0,1,0,1,0,0,0,0,1,0,0,0
799,"0",30,7.2292,1,0,1,0,0,0,0,0,1,0,0,0,1
800,"0",30,24.15,3,0,1,0,1,0,0,0,0,1,0,0,0
801,"0",34,13,1,1,0,0,1,0,0,0,1,0,0,0,1
802,"1",31,26.25,3,1,0,0,1,0,0,0,0,1,0,0,0
803,"1",11,120,4,0,0,0,1,1,0,0,0,0,0,0,1
804,"1",0.42,8.5167,2,0,1,0,0,1,0,0,0,0,0,0,1
805,"1",27,6.975,1,0,1,0,1,0,0,0,1,0,0,0,1
806,"0",31,7.775,1,0,1,0,1,0,0,0,1,0,0,0,1
807,"0",39,0,1,0,0,0,1,0,0,0,1,0,0,0,1
808,"0",18,7.775,1,0,1,0,1,0,0,1,0,0,0,0,0
809,"0",39,13,1,1,0,0,1,0,0,0,1,0,0,0,1
810,"1",33,53.1,2,0,0,0,1,0,0,0,0,1,0,0,0
811,"0",26,7.8875,1,0,1,0,1,0,0,0,1,0,0,0,1
812,"0",39,24.15,1,0,1,0,1,0,0,0,1,0,0,0,1
813,"0",35,10.5,1,1,0,0,1,0,0,0,1,0,0,0,1
814,"0",6,31.275,7,0,1,0,1,0,0,1,0,0,0,0,0
815,"0",30.5,8.05,1,0,1,0,1,0,0,0,1,0,0,0,1
816,"0",43.0769230769231,0,1,0,0,0,1,0,0,0,1,0,0,0,1
817,"0",23,7.925,1,0,1,0,1,0,0,1,0,0,0,0,0
818,"0",31,37.0042,3,1,0,0,0,0,0,0,1,0,0,0,1
819,"0",43,6.45,1,0,1,0,1,0,0,0,1,0,0,0,1
820,"0",10,27.9,6,0,1,0,1,1,0,0,0,0,0,0,1
821,"1",52,93.5,3,0,0,0,1,0,0,0,0,1,0,0,0
822,"1",27,8.6625,1,0,1,0,1,0,0,0,1,0,0,0,1
823,"0",38,0,1,0,0,0,1,0,0,0,0,0,1,0,1
824,"1",27,12.475,2,0,1,0,1,0,0,0,0,1,0,0,0
825,"0",2,39.6875,6,0,1,0,1,1,0,0,0,0,0,0,1
826,"0",33.0769230769231,6.95,1,0,1,1,0,0,0,0,1,0,0,0,1
827,"0",28.6923076923077,56.4958,1,0,1,0,1,0,0,0,1,0,0,0,1
828,"1",1,37.0042,3,1,0,0,0,1,0,0,0,0,0,0,1
829,"1",34.4230769230769,7.75,1,0,1,1,0,0,0,0,1,0,0,0,1
830,"1",62,80,1,0,0,0,0,0,0,0,0,1,0,0,0
831,"1",15,14.4542,2,0,1,0,0,0,0,0,0,1,0,0,0
832,"1",0.83,18.75,3,1,0,0,1,1,0,0,0,0,0,0,1
833,"0",26.0555555555556,7.2292,1,0,1,0,0,0,0,0,1,0,0,0,1
834,"0",23,7.8542,1,0,1,0,1,0,0,0,1,0,0,0,1
835,"0",18,8.3,1,0,1,0,1,0,0,0,1,0,0,0,1
836,"1",39,83.1583,3,0,0,0,0,0,0,1,0,0,0,0,0
837,"0",21,8.6625,1,0,1,0,1,0,0,0,1,0,0,0,1
838,"0",30.0142857142857,8.05,1,0,1,0,1,0,0,0,1,0,0,0,1
839,"1",32,56.4958,1,0,1,0,1,0,0,0,1,0,0,0,1
840,"1",40.0384615384615,29.7,1,0,0,0,0,0,0,0,1,0,0,0,1
841,"0",20,7.925,1,0,1,0,1,0,0,0,1,0,0,0,1
842,"0",16,10.5,1,1,0,0,1,0,0,0,1,0,0,0,1
843,"1",30,31,1,0,0,0,0,0,0,1,0,0,0,0,0
844,"0",34.5,6.4375,1,0,1,0,0,0,0,0,1,0,0,0,1
845,"0",17,8.6625,1,0,1,0,1,0,0,0,1,0,0,0,1
846,"0",42,7.55,1,0,1,0,1,0,0,0,1,0,0,0,1
847,"0",25.7692307692308,69.55,11,0,1,0,1,0,0,0,1,0,0,0,1
848,"0",35,7.8958,1,0,1,0,0,0,0,0,1,0,0,0,1
849,"0",28,33,2,1,0,0,1,0,0,0,0,0,0,1,1
850,"1",42.3076923076923,89.1042,2,0,0,0,0,0,0,0,0,1,0,0,0
851,"0",4,31.275,7,0,1,0,1,1,0,0,0,0,0,0,1
852,"0",74,7.775,1,0,1,0,1,0,0,0,1,0,0,0,1
853,"0",9,15.2458,3,0,1,0,0,0,0,1,0,0,0,0,0
854,"1",16,39.4,2,0,0,0,1,0,0,1,0,0,0,0,0
855,"0",44,26,2,1,0,0,1,0,0,0,0,1,0,0,0
856,"1",18,9.35,2,0,1,0,1,0,0,0,0,1,0,0,0
857,"1",45,164.8667,3,0,0,0,1,0,0,0,0,1,0,0,0
858,"1",51,26.55,1,0,0,0,1,0,0,0,1,0,0,0,1
859,"1",24,19.2583,4,0,1,0,0,0,0,0,0,1,0,0,0
860,"0",26.0555555555556,7.2292,1,0,1,0,0,0,0,0,1,0,0,0,1
861,"0",41,14.1083,3,0,1,0,1,0,0,0,1,0,0,0,1
862,"0",21,11.5,2,1,0,0,1,0,0,0,1,0,0,0,1
863,"1",48,25.9292,1,0,0,0,1,0,0,0,0,1,0,0,0
864,"0",11.9230769230769,69.55,11,0,1,0,1,0,0,1,0,0,0,0,0
865,"0",24,13,1,1,0,0,1,0,0,0,1,0,0,0,1
866,"1",42,13,1,1,0,0,1,0,0,0,0,1,0,0,0
867,"1",27,13.8583,2,1,0,0,0,0,0,1,0,0,0,0,0
868,"0",31,50.4958,1,0,0,0,1,0,0,0,1,0,0,0,1
869,"0",27.1153846153846,9.5,1,0,1,0,1,0,0,0,1,0,0,0,1
870,"1",4,11.1333,3,0,1,0,1,1,0,0,0,0,0,0,1
871,"0",26,7.8958,1,0,1,0,1,0,0,0,1,0,0,0,1
872,"1",47,52.5542,3,0,0,0,1,0,0,0,0,1,0,0,0
873,"0",33,5,1,0,0,0,1,0,0,0,1,0,0,0,1
874,"0",47,9,1,0,1,0,1,0,0,0,1,0,0,0,1
875,"1",28,24,2,1,0,0,0,0,0,0,0,1,0,0,0
876,"1",15,7.225,1,0,1,0,0,0,0,1,0,0,0,0,0
877,"0",20,9.8458,1,0,1,0,1,0,0,0,1,0,0,0,1
878,"0",19,7.8958,1,0,1,0,1,0,0,0,1,0,0,0,1
879,"0",27.3461538461538,7.8958,1,0,1,0,1,0,0,0,1,0,0,0,1
880,"1",56,83.1583,2,0,0,0,0,0,0,0,0,1,0,0,0
881,"1",25,26,2,1,0,0,1,0,0,0,0,1,0,0,0
882,"0",33,7.8958,1,0,1,0,1,0,0,0,1,0,0,0,1
883,"0",22,10.5167,1,0,1,0,1,0,0,1,0,0,0,0,0
884,"0",28,10.5,1,1,0,0,1,0,0,0,1,0,0,0,1
885,"0",25,7.05,1,0,1,0,1,0,0,0,1,0,0,0,1
886,"0",39,29.125,6,0,1,1,0,0,0,0,0,1,0,0,0
887,"0",27,13,1,1,0,0,1,0,0,0,0,0,0,1,1
888,"1",19,30,1,0,0,0,1,0,0,1,0,0,0,0,0
889,"0",6.47461538461538,23.45,4,0,1,0,1,0,0,1,0,0,0,0,0
890,"1",26,30,1,0,0,0,0,0,0,0,1,0,0,0,1
891,"0",32,7.75,1,0,1,1,0,0,0,0,1,0,0,0,1
